<step title="Incoming Request" date="2017-12-27T12:10:17.566" instance="355b17" url="/api/deployments/?api-version=2016-08-01" method="GET" type="request" pid="5216,2,32" Connection="Keep-Alive" Accept-Encoding="gzip, deflate" Accept-Language="en" Host="nsm-pet-bdportal-uat-wapp.scm.azurewebsites.net" Referer="https://management.azure.com/subscriptions/93dfea8f-4dd0-4bfc-a4e2-eacc85619548/resourcegroups/NSMPET/providers/Microsoft.Web/sites/nsm-pet-bdportal-uat-wapp/deployments?api-version=2016-08-01" x-ms-client-request-id="52f372f4-45c9-4db4-b0fe-ea2da024fc21" x-ms-client-location="centralindia" x-ms-arm-request-tracking-id="54c79ae9-0361-45c1-be3e-e747a7fb9a6f" x-ms-correlation-request-id="54c79ae9-0361-45c1-be3e-e747a7fb9a6f" x-ms-routing-request-id="WESTINDIA:20171227T121011Z:54c79ae9-0361-45c1-be3e-e747a7fb9a6f" x-ms-client-ip-address="104.211.98.33" x-ms-client-audience="https://management.core.windows.net/" x-ms-client-scope="user_impersonation" x-ms-client-acr="1" x-ms-client-app-id="c44b4083-3bb0-49c1-b47d-974e53cbdf3c" x-ms-client-app-id-acr="2" x-ms-client-tenant-id="0c07250a-cc33-49b1-969f-564d7f86aa2f" x-ms-client-issuer="https://sts.windows.net/0c07250a-cc33-49b1-969f-564d7f86aa2f/" x-ms-client-object-id="7586901a-30db-43ff-a67a-2f099a8bda11" x-ms-client-principal-id="10037FFEA38BB8DB" x-ms-client-authorization-source="RoleBased" x-ms-client-identity-provider="https://sts.windows.net/a11df9d4-10c9-4aad-ab11-c8e6b63361a0/" x-ms-client-wids="fe930be7-5e62-47db-91af-98c3a49a38b1" x-ms-client-authentication-methods="pwd" x-ms-from-geomaster="true" x-ms-via-extensions-route="true" x-ms-geo-location="East US" x-ms-version="20140301" X-WAWS-Unencoded-URL="/api/deployments/?api-version=2016-08-01" X-ARR-LOG-ID="338e03bc-8192-4f05-925f-7e521ea212af" X-SITE-DEPLOYMENT-ID="nsm-pet-bdportal-uat-wapp" WAS-DEFAULT-HOSTNAME="nsm-pet-bdportal-uat-wapp.scm.azurewebsites.net" X-Forwarded-Proto="https" >
  <step title="Cleanup Xml Logs" date="2017-12-27T12:10:17.832" /><!-- duration: 1861ms -->
  <step title="DeploymentService.GetCurrentEtag" date="2017-12-27T12:10:29.750" >
    <step title="Current Etag: &quot;f72ac2762b60ac72&quot;, Cached Etag: " date="2017-12-27T12:10:31.312" /><!-- duration: 78ms -->
  </step><!-- duration: 1796ms -->
  <step title="DeploymentService.GetDeployResults" date="2017-12-27T12:10:32.203" >
    <step title="DeploymentManager.GetResults" date="2017-12-27T12:10:32.239" /><!-- duration: 8950ms -->
  </step><!-- duration: 9255ms -->
  <step title="Outgoing response" date="2017-12-27T12:10:44.286" type="response" statusCode="200" statusText="OK" Server="Microsoft-IIS/10.0" x-ms-request-id="338e03bc-8192-4f05-925f-7e521ea212af" ETag="&quot;f72ac2762b60ac72&quot;" Cache-Control="private" X-AspNet-Version="4.0.30319" Content-Type="application/json; charset=utf-8" /><!-- duration: 11ms -->
</step><!-- duration: 26731ms -->
