<step title="BackgroundTrace" date="2017-06-28T00:44:41.275" instance="6765a4" url="/api/siteextensions/Microsoft.ApplicationInsights.AzureWebSites" method="PUT" Connection="Keep-Alive" Accept="application/json,text/javascript,*/*; q=0.01" Accept-Encoding="gzip,deflate,br" Accept-Language="en" Expect="100-continue" Host="nsm-pet-bdportal-uat-wapp.scm.azurewebsites.net" Referer="https://management.azure.com/subscriptions/93dfea8f-4dd0-4bfc-a4e2-eacc85619548/resourcegroups/NSMPET/providers/microsoft.web/sites/nsm-pet-bdportal-uat-wapp/siteextensions/Microsoft.ApplicationInsights.AzureWebSites?api-version=2014-11-01" User-Agent="Mozilla/5.0,(Windows NT 10.0; Win64; x64),AppleWebKit/537.36,(KHTML, like Gecko),Chrome/59.0.3071.115,Safari/537.36" x-ms-version="20140301" x-ms-user-id="5097d53e-39e9-45ed-89de-257a3ae8133b" x-ms-client-session-id="e3a17fbfc27a4092a566dc336c158de5" x-ms-app="AppInsightsPortalExtension" x-ms-effective-locale="en.en-us" x-ms-client-request-info="query=PutWebSiteExtension&amp;part=AppServicesEnablementBlade&amp;chart=" x-ms-path-query="/subscriptions/93dfea8f-4dd0-4bfc-a4e2-eacc85619548/resourcegroups/NSMPET/providers/microsoft.web/sites/nsm-pet-bdportal-uat-wapp/siteextensions/Microsoft.ApplicationInsights.AzureWebSites?api-version=2014-11-01" x-ms-client-request-id="5e561ffe-337e-478c-9ca3-d9dadf06adb0" x-ms-arm-request-tracking-id="447d86fd-9288-497b-9681-e302fdcc773c" x-ms-correlation-request-id="447d86fd-9288-497b-9681-e302fdcc773c" x-ms-routing-request-id="CENTRALINDIA:20170628T004436Z:447d86fd-9288-497b-9681-e302fdcc773c" x-ms-client-location="centralindia" x-ms-client-ip-address="49.206.203.142" x-ms-client-audience="https://management.core.windows.net/" x-ms-client-scope="user_impersonation" x-ms-client-acr="1" x-ms-client-app-id="c44b4083-3bb0-49c1-b47d-974e53cbdf3c" x-ms-client-app-id-acr="2" x-ms-client-tenant-id="0c07250a-cc33-49b1-969f-564d7f86aa2f" x-ms-client-issuer="https://sts.windows.net/0c07250a-cc33-49b1-969f-564d7f86aa2f/" x-ms-client-object-id="5097d53e-39e9-45ed-89de-257a3ae8133b" x-ms-client-principal-id="10030000A090B8D0" x-ms-client-principal-name="admin@nsmvmi.onmicrosoft.com" x-ms-client-authorization-source="RoleBased" x-ms-client-identity-provider="" x-ms-client-wids="62e90394-69f5-4237-9190-012177145e10" x-ms-client-authentication-methods="pwd" x-ms-from-geomaster="true" x-ms-via-extensions-route="true" x-ms-geo-location="East US" X-WAWS-Unencoded-URL="/api/siteextensions/Microsoft.ApplicationInsights.AzureWebSites?api-version=2014-11-01" X-ARR-LOG-ID="75fd6975-879b-4c46-b562-4dbb6bbc0c24" X-SITE-DEPLOYMENT-ID="nsm-pet-bdportal-uat-wapp" WAS-DEFAULT-HOSTNAME="nsm-pet-bdportal-uat-wapp.scm.azurewebsites.net" >
  <step title="Cleanup Xml Logs" date="2017-06-28T00:44:41.275" /><!-- duration: 16ms -->
  <step title="Background thread started for Microsoft.ApplicationInsights.AzureWebSites installation" date="2017-06-28T00:44:41.291" >
    <step title="Installing &apos;Microsoft.ApplicationInsights.AzureWebSites&apos; version &apos;&apos; from &apos;&apos;" date="2017-06-28T00:44:41.291" >
      <step title="Version is null, search latest package by id: Microsoft.ApplicationInsights.AzureWebSites, will not search for unlisted package." date="2017-06-28T00:44:42.151" /><!-- duration: 115ms -->
      <step title="Install package: Microsoft.ApplicationInsights.AzureWebSites." date="2017-06-28T00:44:42.266" >
        <step title="Download site extension: Microsoft.ApplicationInsights.AzureWebSites.2.3.2" date="2017-06-28T00:44:42.299" /><!-- duration: 8062ms -->
        <step title="Check if applicationHost.xdt or scmApplicationHost.xdt file existed." date="2017-06-28T00:44:50.361" /><!-- duration: 0ms -->
        <step title="Trigger site extension job" date="2017-06-28T00:44:50.533" /><!-- duration: 15ms -->
        <step title="Execute install.cmd" date="2017-06-28T00:44:50.549" /><!-- duration: 21974ms -->
      </step><!-- duration: 30302ms -->
      <step title="Update arm settings for Microsoft.ApplicationInsights.AzureWebSites installation. Status: OK" date="2017-06-28T00:45:12.700" /><!-- duration: 124ms -->
    </step><!-- duration: 31549ms -->
  </step><!-- duration: 31549ms -->
</step><!-- duration: 31595ms -->
