﻿<?xml version="1.0" encoding="utf-8"?>
<deployment>
  <id>caf616a57b0c4a5bb074729a64f1a33e</id>
  <author>Bala Kalepu</author>
  <deployer>Dropbox</deployer>
  <authorEmail>bala.kalepu@valuemomentum.biz</authorEmail>
  <message>Synchronized 5 change(s) from Dropbox.</message>
  <progress></progress>
  <status>Success</status>
  <statusText></statusText>
  <lastSuccessEndTime>2017-12-04T10:22:06.7578767Z</lastSuccessEndTime>
  <receivedTime>2017-12-04T10:22:03.1321747Z</receivedTime>
  <startTime>2017-12-04T10:22:03.2414791Z</startTime>
  <endTime>2017-12-04T10:22:06.7578767Z</endTime>
  <complete>True</complete>
  <is_temp>False</is_temp>
  <is_readonly>True</is_readonly>
</deployment>