﻿<?xml version="1.0" encoding="utf-8"?>
<deployment>
  <id>b69adddd566945f1bfce0be31a3659e6</id>
  <author>Bala Kalepu</author>
  <deployer>Dropbox</deployer>
  <authorEmail>bala.kalepu@valuemomentum.biz</authorEmail>
  <message>Synchronized 0 change(s) from Dropbox.</message>
  <progress></progress>
  <status>Success</status>
  <statusText></statusText>
  <lastSuccessEndTime>2017-10-31T12:48:37.5958075Z</lastSuccessEndTime>
  <receivedTime>2017-10-31T12:48:35.0311816Z</receivedTime>
  <startTime>2017-10-31T12:48:35.2037395Z</startTime>
  <endTime>2017-10-31T12:48:37.5958075Z</endTime>
  <complete>True</complete>
  <is_temp>False</is_temp>
  <is_readonly>True</is_readonly>
</deployment>