﻿<?xml version="1.0" encoding="utf-8"?>
<deployment>
  <id>81da7d6d4ebf4533a1cc144a1a8db371</id>
  <author>Bala Kalepu</author>
  <deployer>Dropbox</deployer>
  <authorEmail>bala.kalepu@valuemomentum.biz</authorEmail>
  <message>Synchronized 4 change(s) from Dropbox.</message>
  <progress></progress>
  <status>Success</status>
  <statusText></statusText>
  <lastSuccessEndTime>2017-10-24T13:00:41.5633031Z</lastSuccessEndTime>
  <receivedTime>2017-10-24T13:00:37.0458071Z</receivedTime>
  <startTime>2017-10-24T13:00:37.2958025Z</startTime>
  <endTime>2017-10-24T13:00:41.5633031Z</endTime>
  <complete>True</complete>
  <is_temp>False</is_temp>
  <is_readonly>True</is_readonly>
</deployment>